Descripcion;Cantidad;Precio
Jamon Cocido PL 4/5,7 Kg;458;8310
Jamon Cocido PL 4/5,7 Kg;2590;8310
Jamon Cocido PL 4/5,7 Kg;160;8310
Jamon Cocido PL 4/5,7 Kg;46;8310
Jamon Cocido PL 4/5,7 Kg;160;8310
Jamon Cocido PL 4/5,7 Kg;228;8310
Jamon Cocido PL 4/5,7 Kg;182;8310
Jamon Cocido PL 4/5,7 Kg;638;8310
Jamon Cocido PL 4/5,7 Kg;137;8310
Jamon Cocido PL 4/5,7 Kg;821;8310
Jamon Cocido PL 4/5,7 Kg;2075;8310
Jamon Cocido PL 4/5,7 Kg;502;8310
Jamon Cocido PL 4/5,7 Kg;4788;8310
Jamon Cocido PL 4/5,7 Kg;2052;8310
Jamon Cocido PL 4/5,7 Kg;3420;8310
Jamon Cocido PL 4/5,7 Kg;91;8310
Jamon Cocido PL 4/5,7 Kg;251;8310
Jamon Cocido PL 4/5,7 Kg;182;8310
Jamon Cocido PL 4/5,7 Kg;23;8310
Jamon Cocido PL 4/5,7 Kg;46;8310
Jamon Cocido PL 4/5,7 Kg;365;8310
Jamon Cocido PL 4/5,7 Kg;593;8310
Jamon Cocido PL 4/5,7 Kg;342;8310
Jamon Cocido PL 4/5,7 Kg;2189;8310
Jamon Cocido PL 4/5,7 Kg;388;8310
Jamon Cocido PL 4/5,7 Kg;160;8310
Jamon Cocido PL 4/5,7 Kg;251;8310
Jamon Cocido PL 4/5,7 Kg;342;8310
Jamon Cocido PL 4/5,7 Kg;1026;8310
Jamon Cocido PL 4/5,7 Kg;661;8310
Jamon Cocido PL 4/5,7 Kg;251;8310
Jamon Cocido PL 4/5,7 Kg;365;8310
Jamon Cocido PL 4/5,7 Kg;6461;8310
Jamon Cocido PL 4/5,7 Kg;2736;8310
Jamon Cocido PL 4/5,7 Kg;6156;8310
Jamon Cocido PL 4/5,7 Kg;684;8310
Jamon Cocido PL 4/5,7 Kg;684;8310
Jamon Cocido PL 4/5,7 Kg;2052;8310
Jamon Cocido PL 4/5,7 Kg;684;8310
Jamon Cocido PL 4/5,7 Kg;684;8310
Jamon Cocido PL 4/5,7 Kg;684;8310
Jamon Cocido PL 4/5,7 Kg;1368;8310
Jamon Cocido PL 4/5,7 Kg;5198;8310
Jamon Cocido PL 4/5,7 Kg;5290;8310
Jamon Cocido PL 4/5,7 Kg;1368;8310
Jamon Cocido PL 4/5,7 Kg;8892;8310
Jamon Cocido PL 4/5,7 Kg;8892;8310
Jamon Cocido PL 4/5,7 Kg;2052;8310
Jamon Cocido PL 4/5,7 Kg;4104;8310
Jamon Cocido PL 4/5,7 Kg;6794;8310
Jamon Cocido PL 4/5,7 Kg;2736;8310
Jamon Cocido PL 4/5,7 Kg;684;8310
Jamon Cocido PL 4/5,7 Kg;684;8310
Jamon Cocido PL 4/5,7 Kg;2052;8310
Jamon Cocido PL 4/5,7 Kg;1368;8310
Jamon Cocido PL 4/5,7 Kg;46;8310
Jamon Cocido PL 4/5,7 Kg;46;8310
Jamon Cocido PL 4/5,7 Kg;117;8310
Jamon Cocido PL 24/500g;1;9160
Espalda Cocida  PL 4/4,9 Kg;522;6690
Espalda Cocida  PL 4/4,9 Kg;2827;6690
Espalda Cocida  PL 4/4,9 Kg;216;6690
Espalda Cocida  PL 4/4,9 Kg;157;6690
Espalda Cocida  PL 4/4,9 Kg;255;6690
Espalda Cocida  PL 4/4,9 Kg;118;6690
Espalda Cocida  PL 4/4,9 Kg;235;6690
Espalda Cocida  PL 4/4,9 Kg;529;6690
Espalda Cocida  PL 4/4,9 Kg;706;6690
Espalda Cocida  PL 4/4,9 Kg;255;6690
Espalda Cocida  PL 4/4,9 Kg;372;6690
Espalda Cocida  PL 4/4,9 Kg;451;6690
Espalda Cocida  PL 4/4,9 Kg;549;6690
Espalda Cocida  PL 4/4,9 Kg;2215;6690
Espalda Cocida  PL 4/4,9 Kg;960;6690
Espalda Cocida  PL 4/4,9 Kg;255;6690
Espalda Cocida  PL 4/4,9 Kg;2117;6690
Espalda Cocida  PL 4/4,9 Kg;706;6690
Espalda Cocida  PL 4/4,9 Kg;1725;6690
Espalda Cocida  PL 4/4,9 Kg;3293;6690
Espalda Cocida  PL 4/4,9 Kg;451;6690
Espalda Cocida  PL 4/4,9 Kg;118;6690
Espalda Cocida  PL 4/4,9 Kg;235;6690
Espalda Cocida  PL 4/4,9 Kg;353;6690
Espalda Cocida  PL 4/4,9 Kg;314;6690
Espalda Cocida  PL 4/4,9 Kg;353;6690
Espalda Cocida  PL 4/4,9 Kg;588;6690
Espalda Cocida  PL 4/4,9 Kg;549;6690
Espalda Cocida  PL 4/4,9 Kg;529;6690
Espalda Cocida  PL 4/4,9 Kg;745;6690
Espalda Cocida  PL 4/4,9 Kg;510;6690
Espalda Cocida  PL 4/4,9 Kg;627;6690
Espalda Cocida  PL 4/4,9 Kg;255;6690
Espalda Cocida  PL 4/4,9 Kg;627;6690
Espalda Cocida  PL 4/4,9 Kg;1411;6690
Espalda Cocida  PL 4/4,9 Kg;5645;6690
Espalda Cocida  PL 4/4,9 Kg;529;6690
Espalda Cocida  PL 4/4,9 Kg;529;6690
Espalda Cocida  PL 4/4,9 Kg;529;6690
Espalda Cocida  PL 4/4,9 Kg;755;6690
Espalda Cocida  PL 4/4,9 Kg;3528;6690
Espalda Cocida  PL 4/4,9 Kg;20;6690
Espalda Cocida  PL 4/4,9 Kg;706;6690
Espalda Cocida  PL 4/4,9 Kg;2117;6690
Espalda Cocida  PL 4/4,9 Kg;1905;6690
Espalda Cocida  PL 4/4,9 Kg;647;6690
Espalda Cocida  PL 4/4,9 Kg;192;6690
Espalda Cocida  PL 4/4,9 Kg;706;6690
Espalda Cocida  PL 4/4,9 Kg;588;6690
Espalda Cocida  PL 4/4,9 Kg;1411;6690
Espalda Cocida  PL 4/4,9 Kg;8467;6690
Espalda Cocida  PL 4/4,9 Kg;4234;6690
Espalda Cocida  PL 4/4,9 Kg;1411;6690
Espalda Cocida  PL 4/4,9 Kg;4234;6690
Espalda Cocida  PL 4/4,9 Kg;1411;6690
Espalda Cocida  PL 4/4,9 Kg;25;6690
Espalda Cocida  PL 4/4,9 Kg;1;6690
Espalda Cocida  PL 4/4,9 Kg;24;6690
Espalda Cocida  PL 4/4,9 Kg;20;6690
Espalda Cocida  PL 4/4,9 Kg;588;6690
Espalda Cocida  PL 4/4,9 Kg;451;6690
Espalda Cocida  PL 4/4,9 Kg;314;6690
Fiambre de Espalda PL 4/4,9 Kg;392;6297
Fiambre de Espalda PL 4/4,9 Kg;431;6297
Fiambre de Espalda PL 4/4,9 Kg;2117;6297
Fiambre de Espalda PL 4/4,9 Kg;2744;6297
Fiambre de Espalda PL 4/4,9 Kg;823;6297
Fiambre de Espalda PL 4/4,9 Kg;1706;6297
Fiambre de Espalda PL 4/4,9 Kg;1156;6297
Fiambre de Espalda PL 4/4,9 Kg;608;6297
Fiambre de Espalda PL 4/4,9 Kg;509;6297
Fiambre de Espalda PL 4/4,9 Kg;132;6297
Pechuga Cocida Pollo PL 4/4,9 Kg;1372;8546
Pechuga Cocida Pollo PL 4/4,9 Kg;2117;8546
Pechuga Cocida Pollo PL 4/4,9 Kg;392;8546
Pechuga Cocida Pollo PL 4/4,9 Kg;118;8546
Pechuga Cocida Pollo PL 4/4,9 Kg;882;8546
Pechuga Cocida Pollo PL 4/4,9 Kg;255;8546
Pechuga Cocida Pollo PL 4/4,9 Kg;1800;8546
Pechuga Cocida Pollo PL 4/4,9 Kg;706;8546
Pechuga Cocida Pollo PL 4/4,9 Kg;706;8546
PECHUGA COCIDA POLLO PL 24/500g;35;8874
PECHUGA COCIDA POLLO PL 24/500g;576;8874
PECHUGA COCIDA POLLO PL 24/500g;1152;8874
PECHUGA COCIDA POLLO PL 24/500g;24;8874
PECHUGA COCIDA POLLO PL 24/500g;35;8874
